User,,,
Arul,Fri, Sep 6, 2024_3:30:23 PM
Arul,Fri, Sep 6, 2024_3:32:29 PM
Arul,Fri, Sep 6, 2024_3:33:18 PM
Lingesh,Fri, Sep 6, 2024_3:48:16 PM
Arul,Fri, Sep 6, 2024_3:48:53 PM
Arul,Fri, Sep 6, 2024_3:48:59 PM
Arul,Fri, Sep 6, 2024_3:49:38 PM
Lingesh,Fri, Sep 6, 2024_4:09:30 PM
Kamala,Fri, Sep 6, 2024_4:18:13 PM
Arul,Fri, Sep 6, 2024_4:19:22 PM
Arul,Fri, Sep 6, 2024_4:19:28 PM
Arul,Thu, Sep 12, 2024_11:09:43 AM
Arul,Thu, Sep 12, 2024_11:58:40 AM
Arul,Thu, Sep 12, 2024_11:59:25 AM
Lingesh,Thu, Sep 12, 2024_12:05:03 PM
Sarfaraz,Thu, Sep 12, 2024_12:05:25 PM
Arul,Thu, Sep 12, 2024_12:44:25 PM
Arul,Thu, Sep 12, 2024_12:45:25 PM
Arul,Thu, Sep 12, 2024_12:47:15 PM
Arul,Thu, Sep 12, 2024_12:48:01 PM
Vigneshwaran,Thu, Sep 12, 2024_12:48:42 PM
Arul,Fri, Sep 13, 2024_10:28:11 AM
Arul,Fri, Sep 13, 2024_10:30:02 AM
Arul,Fri, Sep 13, 2024_10:30:24 AM
Arul,Fri, Sep 13, 2024_11:07:11 AM
,Fri, Sep 13, 2024_11:08:07 AM
Arul,Fri, Sep 13, 2024_11:09:57 AM
Arul,Fri, Sep 13, 2024_11:11:15 AM
Kannan,Fri, Sep 13, 2024_11:27:21 AM
Arul,Fri, Sep 13, 2024_11:29:26 AM
Arul,Fri, Sep 13, 2024_11:29:34 AM
Lingesh,Fri, Sep 13, 2024_11:32:39 AM
Arul,Fri, Sep 13, 2024_11:35:03 AM
Lingesh,Fri, Sep 13, 2024_11:35:28 AM
Arul,Fri, Sep 13, 2024_11:37:14 AM
Arul,Fri, Sep 13, 2024_11:37:39 AM
Arul,Fri, Sep 13, 2024_11:55:54 AM
Arul,Fri, Sep 13, 2024_7:10:31 PM
Arul,Fri, Sep 13, 2024_7:14:36 PM
Arul,Fri, Sep 13, 2024_7:15:01 PM
Lingesh,Fri, Sep 13, 2024_7:21:49 PM
Lingesh,Fri, Sep 13, 2024_7:22:45 PM
Lingesh,Fri, Sep 13, 2024_7:26:45 PM
Arul,Fri, Sep 13, 2024_7:33:24 PM
Arul,Sat, Sep 14, 2024_12:19:06 PM
Arul,Sat, Sep 14, 2024_12:19:28 PM
Arul,Sat, Sep 14, 2024_12:32:22 PM
Arul,Sat, Sep 14, 2024_12:59:13 PM
Arul,Sat, Sep 14, 2024_1:02:42 PM
Arul,Sat, Sep 14, 2024_1:03:58 PM
Lingesh,Sat, Sep 14, 2024_1:04:23 PM
Arul,Sat, Sep 14, 2024_1:06:24 PM
Arul,Sat, Sep 14, 2024_1:33:35 PM
Arul,Sat, Sep 14, 2024_3:05:15 PM
Arul,Sat, Sep 14, 2024_3:11:09 PM
Arul,Sat, Sep 14, 2024_3:12:57 PM
Arul,Sat, Sep 14, 2024_3:16:33 PM
Arul,Sat, Sep 14, 2024_3:17:08 PM
Arul,Sat, Sep 14, 2024_3:17:45 PM
Arul,Sat, Sep 14, 2024_3:18:33 PM
Arul,Sat, Sep 14, 2024_3:19:17 PM
Arul,Sat, Sep 14, 2024_3:22:36 PM
Arul,Sat, Sep 14, 2024_3:24:25 PM
Arul,Sat, Sep 14, 2024_3:25:08 PM
Arul,Sat, Sep 14, 2024_3:25:14 PM
Arul,Sat, Sep 14, 2024_3:28:12 PM
Arul,Sat, Sep 14, 2024_3:31:34 PM
Arul,Sat, Sep 14, 2024_3:32:18 PM
Arul,Sat, Sep 14, 2024_3:32:21 PM
Arul,Sat, Sep 14, 2024_3:32:25 PM
Arul,Sat, Sep 14, 2024_3:40:04 PM
Arul,Sat, Sep 14, 2024_3:42:40 PM
Arul,Mon, Sep 16, 2024_10:22:55 AM
Arul,Mon, Sep 16, 2024_10:23:41 AM
Arul,Mon, Sep 16, 2024_10:24:16 AM
Arul,Mon, Sep 16, 2024_10:25:19 AM
Arul,Mon, Sep 16, 2024_10:59:41 AM
Arul,Mon, Sep 16, 2024_6:56:22 PM
Arul,Wed, Sep 18, 2024_12:39:53 PM
Arul,Wed, Sep 18, 2024_12:41:05 PM
Arul,Thu, Sep 19, 2024_12:56:34 PM
Arul,Thu, Sep 19, 2024_1:08:11 PM
Arul,Thu, Sep 19, 2024_1:19:10 PM
Arul,Thu, Sep 19, 2024_1:23:12 PM
Arul,Thu, Sep 19, 2024_1:32:06 PM
Arul,Thu, Sep 19, 2024_1:40:14 PM
Arul,Thu, Sep 19, 2024_1:42:05 PM
Arul,Thu, Sep 19, 2024_1:45:36 PM
Arul,Thu, Sep 19, 2024_1:53:39 PM
Arul,Thu, Sep 19, 2024_2:05:08 PM
Arul,Thu, Sep 19, 2024_2:22:04 PM
Arul,Thu, Sep 19, 2024_2:24:26 PM
Arul,Thu, Sep 19, 2024_2:57:55 PM
Arul,Thu, Sep 19, 2024_3:02:26 PM
Arul,Thu, Sep 19, 2024_3:07:49 PM
Arul,Fri, Sep 20, 2024_1:59:52 PM
Arul,Fri, Sep 20, 2024_2:02:29 PM
Arul,Fri, Sep 20, 2024_2:22:07 PM
Arul,Mon, Sep 23, 2024_12:34:56 PM
Arul,Mon, Sep 23, 2024_3:54:56 PM
Arul,Mon, Sep 23, 2024_3:55:16 PM
Arul,Mon, Sep 23, 2024_3:55:59 PM
Arul,Mon, Sep 23, 2024_3:58:54 PM
Arul,Mon, Sep 23, 2024_6:28:00 PM
Arul,Mon, Sep 23, 2024_6:59:20 PM
Arul,Mon, Sep 23, 2024_7:01:52 PM
Arul,Mon, Sep 23, 2024_7:32:58 PM
Arul,Mon, Sep 23, 2024_7:45:11 PM
Arul,Tue, Sep 24, 2024_11:28:00 AM
Arul,Tue, Sep 24, 2024_12:19:26 PM
Arul,Tue, Sep 24, 2024_12:21:42 PM
Arul,Tue, Sep 24, 2024_12:21:46 PM
Arul,Tue, Sep 24, 2024_12:23:20 PM
Arul,Tue, Sep 24, 2024_12:27:31 PM
Arul,Tue, Sep 24, 2024_12:33:45 PM
Arul,Tue, Sep 24, 2024_12:34:35 PM
Arul,Tue, Sep 24, 2024_12:35:08 PM
Arul,Tue, Sep 24, 2024_1:09:28 PM
Arul,Tue, Sep 24, 2024_1:10:31 PM
Arul,Tue, Sep 24, 2024_1:11:25 PM
Arul,Tue, Sep 24, 2024_2:40:11 PM
Arul,Tue, Sep 24, 2024_2:40:15 PM
Arul,Tue, Sep 24, 2024_2:41:37 PM
Arul,Tue, Sep 24, 2024_2:43:37 PM
Arul,Tue, Sep 24, 2024_3:11:35 PM
Arul,Tue, Sep 24, 2024_6:45:01 PM
Arul,Tue, Sep 24, 2024_7:14:23 PM
Arul,Wed, Sep 25, 2024_10:22:18 AM
Arul,Wed, Sep 25, 2024_10:22:23 AM
Arul,Wed, Sep 25, 2024_10:23:32 AM
Lingesh,Wed, Sep 25, 2024_1:40:26 PM
Lingesh,Wed, Sep 25, 2024_1:41:25 PM
Lingesh,Wed, Sep 25, 2024_1:42:44 PM
Lingesh,Wed, Sep 25, 2024_1:45:24 PM
Lingesh,Wed, Sep 25, 2024_1:45:51 PM
Arul,Wed, Sep 25, 2024_1:55:48 PM
Arul,Wed, Sep 25, 2024_2:01:27 PM
Arul,Wed, Sep 25, 2024_2:03:18 PM
Arul,Wed, Sep 25, 2024_2:16:38 PM
Arul,Wed, Sep 25, 2024_2:18:12 PM
Arul,Wed, Sep 25, 2024_2:23:43 PM
Arul,Wed, Sep 25, 2024_2:24:14 PM
Arul,Wed, Sep 25, 2024_2:25:24 PM
Arul,Wed, Sep 25, 2024_2:26:40 PM
Arul,Wed, Sep 25, 2024_2:28:31 PM
Arul,Wed, Sep 25, 2024_2:29:28 PM
Arul,Wed, Sep 25, 2024_2:31:23 PM
Arul,Wed, Sep 25, 2024_2:36:18 PM
Arul,Wed, Sep 25, 2024_3:01:56 PM
Arul,Wed, Sep 25, 2024_3:23:48 PM
Arul,Wed, Sep 25, 2024_4:03:03 PM
Arul,Wed, Sep 25, 2024_4:03:29 PM
Arul,Wed, Sep 25, 2024_4:04:41 PM
Arul,Wed, Sep 25, 2024_4:04:44 PM
Arul,Wed, Sep 25, 2024_4:09:15 PM
Arul,Wed, Sep 25, 2024_4:18:47 PM
Arul,Wed, Sep 25, 2024_4:20:49 PM
Arul,Wed, Sep 25, 2024_4:32:22 PM
Arul,Wed, Sep 25, 2024_4:32:59 PM
Arul,Wed, Sep 25, 2024_4:34:44 PM
Arul,Wed, Sep 25, 2024_4:34:56 PM
Arul,Wed, Sep 25, 2024_4:35:32 PM
Arul,Wed, Sep 25, 2024_4:38:53 PM
Arul,Wed, Sep 25, 2024_4:41:07 PM
Arul,Wed, Sep 25, 2024_4:43:46 PM
Arul,Wed, Sep 25, 2024_4:45:24 PM
Arul,Wed, Sep 25, 2024_4:45:28 PM
Arul,Wed, Sep 25, 2024_5:03:04 PM
Arul,27 Sep 2024_10:56:09
Arul,27 Sep 2024_13:43:30
Arul,27 Sep 2024_13:44:30
Arul,27 Sep 2024_13:44:36
Arul,27 Sep 2024_13:45:29
Arul,27 Sep 2024_18:45:53
Arul,27 Sep 2024_19:21:36
Arul,27 Sep 2024_19:24:12
Arul,27 Sep 2024_19:25:09
Arul,27 Sep 2024_19:26:09
Arul,27 Sep 2024_19:29:32
Arul,27 Sep 2024_19:30:25
Saravanan,27 Sep 2024_19:49:51
Arul,27 Sep 2024_19:50:09
Arul,27 Sep 2024_19:52:06
Arul,27 Sep 2024_20:00:44
Saravanan,28 Sep 2024_11:05:03
Arul,28 Sep 2024_11:05:10
Saravanan,28 Sep 2024_11:15:46
Arul,28 Sep 2024_11:15:53
Arul,28 Sep 2024_12:14:51
Saravanan,28 Sep 2024_12:30:26
Arul,28 Sep 2024_12:30:44
Saravanan,28 Sep 2024_13:00:46
Vigneshwaran,28 Sep 2024_13:01:01
Arul,28 Sep 2024_13:01:08
Arul,28 Sep 2024_13:09:16
Arul,28 Sep 2024_13:23:00
Saravanan,28 Sep 2024_13:26:31
Arul,28 Sep 2024_13:26:38
Arul,28 Sep 2024_13:29:23
Arul,28 Sep 2024_13:30:56
Arul,28 Sep 2024_13:32:11
Arul,28 Sep 2024_13:37:43
Arul,28 Sep 2024_13:40:20
Arul,28 Sep 2024_13:42:38
Arul,28 Sep 2024_13:44:50
Arul,28 Sep 2024_13:46:49
Arul,28 Sep 2024_14:37:56
Arul,28 Sep 2024_14:38:17
Arul,28 Sep 2024_14:40:29
Arul,28 Sep 2024_14:42:41
Arul,28 Sep 2024_14:42:45
Arul,28 Sep 2024_14:51:24
Arul,28 Sep 2024_14:55:21
Arul,28 Sep 2024_15:00:33
Arul,28 Sep 2024_15:06:22
Arul,28 Sep 2024_15:10:57
Arul,28 Sep 2024_15:28:33
Arul,28 Sep 2024_15:52:25
Arul,28 Sep 2024_16:05:54
Arul,28 Sep 2024_19:36:57
Arul,28 Sep 2024_19:49:22
,Sun, Oct 6, 2024_1:49:30 AM
Kannan,Sun, Oct 6, 2024_1:49:34 AM
Arul,Sun, Oct 6, 2024_1:50:33 AM
Kannan,Sun, Oct 6, 2024_1:50:35 AM
Vigneshwaran,Sun, Oct 6, 2024_1:50:37 AM
Kannan,Sun, Oct 6, 2024_1:50:58 AM
Kannan,Sun, Oct 6, 2024_2:11:20 AM
,Wed, Oct 9, 2024_6:21:10 AM
Arul,Sun, Oct 13, 2024_9:35:59 PM
Arul,Sun, Oct 13, 2024_9:36:15 PM
Arul,Sun, Oct 13, 2024_9:37:51 PM
Arul,Sun, Oct 13, 2024_9:39:18 PM
Arul,Sun, Oct 13, 2024_9:40:53 PM
Arul,Sun, Oct 13, 2024_9:58:49 PM
Arul,Sun, Oct 13, 2024_10:00:02 PM
Arul,Sun, Oct 13, 2024_10:20:03 PM
Arul,Sun, Oct 13, 2024_10:23:20 PM
Arul,Sun, Oct 13, 2024_10:24:25 PM
